<?xml version="1.0" encoding="utf-8" ?>
<Defs>

	<ThingDef Name="ResourceBase" Abstract="True">
		<thingClass>ThingWithComps</thingClass>
		<label>unspecified resource</label>
		<category>Item</category>
		<resourceReadoutPriority>Middle</resourceReadoutPriority>
		<useHitPoints>true</useHitPoints>
		<selectable>true</selectable>
		<altitudeLayer>Item</altitudeLayer>
		<comps>
		  <li Class="CompProperties_Forbiddable"/>
		</comps>
		<alwaysHaulable>true</alwaysHaulable>
		<drawGUIOverlay>true</drawGUIOverlay>
		<rotatable>false</rotatable>
		<pathCost>15</pathCost>
	</ThingDef>
  
	<ThingDef ParentName="ResourceBase">
		<defName>Can</defName>
		<label>can</label>
		<description>Used for preserving food.</description>
		<graphicData>
			<texPath>CannedFood</texPath>
			<graphicClass>Graphic_Single</graphicClass>
		</graphicData>
		<thingCategories>
		  <li>Manufactured</li>
		</thingCategories>
		<soundInteract>Metal_Drop</soundInteract>
		<soundDrop>Standard_Drop</soundDrop>
		<statBases>
			<MaxHitPoints>50</MaxHitPoints>
			<MarketValue>3</MarketValue>
			<Flammability>0.1</Flammability>
			<DeteriorationRate>0.25</DeteriorationRate>
		</statBases>
		<stackLimit>75</stackLimit>

	</ThingDef>
 </Defs>
 